[{"path":"/Users/kborowski/phd/commons-io/src/main/java/org/apache/commons/io/input/NullReader.java","lastModified":1667650784015,"size":10678,"contentHashCode":1840129711},{"path":"/Users/kborowski/phd/commons-io/src/test/java/org/apache/commons/io/input/UncheckedBufferedReaderTest.java","lastModified":1667650784083,"size":7609,"contentHashCode":1807979944},{"path":"/Users/kborowski/phd/commons-io/src/test/java/org/apache/commons/io/FileCleanerTest.java","lastModified":1667650784038,"size":1166,"contentHashCode":28700012},{"path":"/Users/kborowski/phd/commons-io/src/test/java/org/apache/commons/io/comparator/DirectoryFileComparatorTest.java","lastModified":1667650784053,"size":1870,"contentHashCode":21956487},{"path":"/Users/kborowski/phd/commons-io/src/test/java/org/apache/commons/io/jmh/IOUtilsContentEqualsInputStreamsBenchmark.java","lastModified":1667650784086,"size":10205,"contentHashCode":660819046},{"path":"/Users/kborowski/phd/commons-io/src/main/java/org/apache/commons/io/input/ReversedLinesFileReader.java","lastModified":1667650784017,"size":18855,"contentHashCode":-1531205093},{"path":"/Users/kborowski/phd/commons-io/src/test/java/org/apache/commons/io/function/PathStream.java","lastModified":1667650784069,"size":989,"contentHashCode":1272402725},{"path":"/Users/kborowski/phd/commons-io/src/test/java/org/apache/commons/io/test/ThrowOnCloseReader.java","lastModified":1667650784097,"size":1552,"contentHashCode":1199594107},{"path":"/Users/kborowski/phd/commons-io/src/test/java/org/apache/commons/io/FilenameUtilsTest.java","lastModified":1667650784046,"size":71037,"contentHashCode":955771094},{"path":"/Users/kborowski/phd/commons-io/src/main/java/org/apache/commons/io/output/QueueOutputStream.java","lastModified":1667650784029,"size":3625,"contentHashCode":1532630507},{"path":"/Users/kborowski/phd/commons-io/src/test/java/org/apache/commons/io/file/PathUtilsIsEmptyTest.java","lastModified":1667650784058,"size":2454,"contentHashCode":243096354},{"path":"/Users/kborowski/phd/commons-io/src/test/java/org/apache/commons/io/comparator/LastModifiedFileComparatorTest.java","lastModified":1667650784053,"size":3239,"contentHashCode":1800767235},{"path":"/Users/kborowski/phd/commons-io/src/test/java/org/apache/commons/io/function/IOPredicateTest.java","lastModified":1667650784066,"size":6771,"contentHashCode":624579734},{"path":"/Users/kborowski/phd/commons-io/src/test/java/org/apache/commons/io/output/AppendableOutputStreamTest.java","lastModified":1667650784087,"size":1630,"contentHashCode":-179748386},{"path":"/Users/kborowski/phd/commons-io/src/main/java/org/apache/commons/io/output/UnsynchronizedByteArrayOutputStream.java","lastModified":1667650784030,"size":5276,"contentHashCode":1981157372},{"path":"/Users/kborowski/phd/commons-io/src/main/java/org/apache/commons/io/function/IOTriConsumer.java","lastModified":1667650784008,"size":2905,"contentHashCode":1100924139},{"path":"/Users/kborowski/phd/commons-io/src/test/java/org/apache/commons/io/output/BrokenWriterTest.java","lastModified":1667650784087,"size":4127,"contentHashCode":1722944462},{"path":"/Users/kborowski/phd/commons-io/src/test/java/org/apache/commons/io/file/PathUtilsDeleteFileTest.java","lastModified":1667650784058,"size":6194,"contentHashCode":-1931833386},{"path":"/Users/kborowski/phd/commons-io/src/test/java/org/apache/commons/io/input/CharacterFilterReaderTest.java","lastModified":1667650784075,"size":4430,"contentHashCode":1645607980},{"path":"/Users/kborowski/phd/commons-io/src/test/java/org/apache/commons/io/input/TailerTest.java","lastModified":1667650784082,"size":29952,"contentHashCode":-1691344005},{"path":"/Users/kborowski/phd/commons-io/src/main/java/org/apache/commons/io/FileUtils.java","lastModified":1667650783979,"size":163537,"contentHashCode":1479322932},{"path":"/Users/kborowski/phd/commons-io/src/test/java/org/apache/commons/io/file/DeletingPathVisitorTest.java","lastModified":1667650784056,"size":4650,"contentHashCode":-1258289080},{"path":"/Users/kborowski/phd/commons-io/src/main/java/org/apache/commons/io/output/FilterCollectionWriter.java","lastModified":1667650784027,"size":5112,"contentHashCode":1875831295},{"path":"/Users/kborowski/phd/commons-io/src/test/java/org/apache/commons/io/output/CloseShieldWriterTest.java","lastModified":1667650784088,"size":1933,"contentHashCode":-566343115},{"path":"/Users/kborowski/phd/commons-io/src/main/java/org/apache/commons/io/output/UncheckedFilterWriter.java","lastModified":1667650784030,"size":4516,"contentHashCode":699028546},{"path":"/Users/kborowski/phd/commons-io/src/main/java/org/apache/commons/io/output/UncheckedFilterOutputStream.java","lastModified":1667650784030,"size":3257,"contentHashCode":1484693968},{"path":"/Users/kborowski/phd/commons-io/src/test/java/org/apache/commons/io/file/CleaningPathVisitorTest.java","lastModified":1667650784055,"size":6137,"contentHashCode":-2013982158},{"path":"/Users/kborowski/phd/commons-io/src/test/java/org/apache/commons/io/function/IOTriFunctionTest.java","lastModified":1667650784069,"size":3274,"contentHashCode":960319040},{"path":"/Users/kborowski/phd/commons-io/src/test/java/org/apache/commons/io/input/ReadAheadInputStreamTest.java","lastModified":1667650784079,"size":2252,"contentHashCode":2098602472},{"path":"/Users/kborowski/phd/commons-io/src/main/java/org/apache/commons/io/output/ProxyCollectionWriter.java","lastModified":1667650784028,"size":9102,"contentHashCode":1749585498},{"path":"/Users/kborowski/phd/commons-io/src/test/java/org/apache/commons/io/ByteOrderMarkTest.java","lastModified":1667650784037,"size":5721,"contentHashCode":-1807785496},{"path":"/Users/kborowski/phd/commons-io/src/test/java/org/apache/commons/io/output/TeeOutputStreamTest.java","lastModified":1667650784093,"size":4703,"contentHashCode":2137758017},{"path":"/Users/kborowski/phd/commons-io/src/main/java/org/apache/commons/io/input/UnixLineEndingInputStream.java","lastModified":1667650784020,"size":3724,"contentHashCode":-1187573341},{"path":"/Users/kborowski/phd/commons-io/src/test/java/org/apache/commons/io/jmh/IOUtilsContentEqualsReadersBenchmark.java","lastModified":1667650784086,"size":10725,"contentHashCode":970644243},{"path":"/Users/kborowski/phd/commons-io/src/test/java/org/apache/commons/io/file/AccumulatorPathVisitorTest.java","lastModified":1667650784054,"size":11842,"contentHashCode":-1608596519},{"path":"/Users/kborowski/phd/commons-io/src/test/java/org/apache/commons/io/input/CloseShieldInputStreamTest.java","lastModified":1667650784076,"size":1949,"contentHashCode":-1055217290},{"path":"/Users/kborowski/phd/commons-io/src/test/java/org/apache/commons/io/test/ThrowOnFlushAndCloseOutputStream.java","lastModified":1667650784098,"size":2210,"contentHashCode":-1095537323},{"path":"/Users/kborowski/phd/commons-io/src/main/java/org/apache/commons/io/Charsets.java","lastModified":1667650783974,"size":9334,"contentHashCode":-1466384556},{"path":"/Users/kborowski/phd/commons-io/src/main/java/org/apache/commons/io/filefilter/HiddenFileFilter.java","lastModified":1667650784000,"size":3575,"contentHashCode":1265593462},{"path":"/Users/kborowski/phd/commons-io/src/test/java/org/apache/commons/io/function/PathBaseStream.java","lastModified":1667650784069,"size":1017,"contentHashCode":1556190762},{"path":"/Users/kborowski/phd/commons-io/src/test/java/org/apache/commons/io/input/UnixLineEndingInputStreamTest.java","lastModified":1667650784084,"size":2685,"contentHashCode":-337195877},{"path":"/Users/kborowski/phd/commons-io/src/main/java/org/apache/commons/io/filefilter/SymbolicLinkFileFilter.java","lastModified":1667650784003,"size":3440,"contentHashCode":-1107974711},{"path":"/Users/kborowski/phd/commons-io/src/main/java/org/apache/commons/io/function/UncheckedIOIterator.java","lastModified":1667650784009,"size":1798,"contentHashCode":-1985119487},{"path":"/Users/kborowski/phd/commons-io/src/test/java/org/apache/commons/io/input/TimestampedObserverTest.java","lastModified":1667650784083,"size":3673,"contentHashCode":208950120},{"path":"/Users/kborowski/phd/commons-io/src/main/java/org/apache/commons/io/input/TeeReader.java","lastModified":1667650784019,"size":6089,"contentHashCode":-194336528},{"path":"/Users/kborowski/phd/commons-io/src/test/java/org/apache/commons/io/input/MemoryMappedFileInputStreamTest.java","lastModified":1667650784077,"size":8504,"contentHashCode":-1555634701},{"path":"/Users/kborowski/phd/commons-io/src/test/java/org/apache/commons/io/test/ThrowOnCloseOutputStream.java","lastModified":1667650784097,"size":1620,"contentHashCode":15065559},{"path":"/Users/kborowski/phd/commons-io/src/test/java/org/apache/commons/io/file/PathUtilsTest.java","lastModified":1667650784058,"size":21816,"contentHashCode":342973304},{"path":"/Users/kborowski/phd/commons-io/src/test/java/org/apache/commons/io/filefilter/DirectoryFileFilterTest.java","lastModified":1667650784062,"size":3479,"contentHashCode":-1671277146},{"path":"/Users/kborowski/phd/commons-io/src/main/java/org/apache/commons/io/CopyUtils.java","lastModified":1667650783975,"size":14087,"contentHashCode":-1319025472},{"path":"/Users/kborowski/phd/commons-io/src/test/java/org/apache/commons/io/output/NullOutputStreamTest.java","lastModified":1667650784091,"size":1702,"contentHashCode":1809287447},{"path":"/Users/kborowski/phd/commons-io/src/test/java/org/apache/commons/io/monitor/FileAlterationObserverTest.java","lastModified":1667650784086,"size":17194,"contentHashCode":-220909870},{"path":"/Users/kborowski/phd/commons-io/src/main/java/org/apache/commons/io/ByteOrderParser.java","lastModified":1667650783974,"size":2512,"contentHashCode":451287892},{"path":"/Users/kborowski/phd/commons-io/src/test/java/org/apache/commons/io/output/BrokenOutputStreamTest.java","lastModified":1667650784087,"size":2739,"contentHashCode":-51251508},{"path":"/Users/kborowski/phd/commons-io/src/main/java/org/apache/commons/io/IOExceptionList.java","lastModified":1667650783981,"size":4612,"contentHashCode":-1322017600},{"path":"/Users/kborowski/phd/commons-io/src/test/java/org/apache/commons/io/input/BrokenReaderTest.java","lastModified":1667650784073,"size":3291,"contentHashCode":1057653309},{"path":"/Users/kborowski/phd/commons-io/src/test/java/org/apache/commons/io/FileUtilsCopyDirectoryToDirectoryTest.java","lastModified":1667650784040,"size":5333,"contentHashCode":-802801583},{"path":"/Users/kborowski/phd/commons-io/src/test/java/org/apache/commons/io/output/CountingOutputStreamTest.java","lastModified":1667650784088,"size":3839,"contentHashCode":-1539444584},{"path":"/Users/kborowski/phd/commons-io/src/test/java/org/apache/commons/io/serialization/WildcardClassNameMatcherTest.java","lastModified":1667650784097,"size":1821,"contentHashCode":2104456389},{"path":"/Users/kborowski/phd/commons-io/src/test/java/org/apache/commons/io/input/ReaderInputStreamTest.java","lastModified":1667650784079,"size":10294,"contentHashCode":-698588091},{"path":"/Users/kborowski/phd/commons-io/src/test/java/org/apache/commons/io/input/BOMInputStreamTest.java","lastModified":1667650784072,"size":29733,"contentHashCode":1086013851},{"path":"/Users/kborowski/phd/commons-io/src/main/java/org/apache/commons/io/IOCase.java","lastModified":1667650783981,"size":9422,"contentHashCode":-2027420440},{"path":"/Users/kborowski/phd/commons-io/src/main/java/org/apache/commons/io/filefilter/CanReadFileFilter.java","lastModified":1667650783997,"size":3347,"contentHashCode":-280140179},{"path":"/Users/kborowski/phd/commons-io/src/main/java/org/apache/commons/io/input/AbstractCharacterFilterReader.java","lastModified":1667650784010,"size":2965,"contentHashCode":-1756917617},{"path":"/Users/kborowski/phd/commons-io/src/test/java/org/apache/commons/io/IOExceptionListTest.java","lastModified":1667650784047,"size":5560,"contentHashCode":1226953611},{"path":"/Users/kborowski/phd/commons-io/src/main/java/org/apache/commons/io/file/SimplePathVisitor.java","lastModified":1667650783994,"size":2019,"contentHashCode":902075947},{"path":"/Users/kborowski/phd/commons-io/src/main/java/org/apache/commons/io/output/package-info.java","lastModified":1667650784031,"size":978,"contentHashCode":-1102178572},{"path":"/Users/kborowski/phd/commons-io/src/test/java/org/apache/commons/io/output/UncheckedFilterWriterTest.java","lastModified":1667650784094,"size":5422,"contentHashCode":1258569559},{"path":"/Users/kborowski/phd/commons-io/src/main/java/org/apache/commons/io/input/CharSequenceInputStream.java","lastModified":1667650784013,"size":9876,"contentHashCode":-1774433832},{"path":"/Users/kborowski/phd/commons-io/src/test/java/org/apache/commons/io/LineIteratorTest.java","lastModified":1667650784049,"size":12207,"contentHashCode":1630790217},{"path":"/Users/kborowski/phd/commons-io/src/main/java/org/apache/commons/io/output/DeferredFileOutputStream.java","lastModified":1667650784027,"size":12105,"contentHashCode":-1094646883},{"path":"/Users/kborowski/phd/commons-io/src/test/java/org/apache/commons/io/FileUtilsListFilesTest.java","lastModified":1667650784043,"size":7753,"contentHashCode":-592642371},{"path":"/Users/kborowski/phd/commons-io/src/main/java/org/apache/commons/io/input/buffer/CircularByteBuffer.java","lastModified":1667650784022,"size":10313,"contentHashCode":346187273},{"path":"/Users/kborowski/phd/commons-io/src/test/java/org/apache/commons/io/output/StringBuilderWriterTest.java","lastModified":1667650784092,"size":4895,"contentHashCode":-855335222},{"path":"/Users/kborowski/phd/commons-io/src/test/java/org/apache/commons/io/file/spi/FileSystemProvidersTest.java","lastModified":1667650784060,"size":2445,"contentHashCode":-1001855689},{"path":"/Users/kborowski/phd/commons-io/src/main/java/org/apache/commons/io/file/spi/FileSystemProviders.java","lastModified":1667650783995,"size":3753,"contentHashCode":1951330995},{"path":"/Users/kborowski/phd/commons-io/src/main/java/org/apache/commons/io/input/SequenceReader.java","lastModified":1667650784017,"size":3977,"contentHashCode":-807926515},{"path":"/Users/kborowski/phd/commons-io/src/main/java/org/apache/commons/io/function/IOComparator.java","lastModified":1667650784006,"size":2177,"contentHashCode":743252105},{"path":"/Users/kborowski/phd/commons-io/src/main/java/org/apache/commons/io/EndianUtils.java","lastModified":1667650783976,"size":16880,"contentHashCode":-166664930},{"path":"/Users/kborowski/phd/commons-io/src/test/java/org/apache/commons/io/FileUtilsCopyToFileTest.java","lastModified":1667650784041,"size":3368,"contentHashCode":-4829648},{"path":"/Users/kborowski/phd/commons-io/src/test/java/org/apache/commons/io/comparator/ComparatorAbstractTest.java","lastModified":1667650784052,"size":4046,"contentHashCode":1747770638},{"path":"/Users/kborowski/phd/commons-io/src/test/java/org/apache/commons/io/serialization/MoreComplexObjectTest.java","lastModified":1667650784096,"size":4138,"contentHashCode":43046750},{"path":"/Users/kborowski/phd/commons-io/src/main/java/org/apache/commons/io/file/FilesUncheck.java","lastModified":1667650783991,"size":28219,"contentHashCode":-1605869665},{"path":"/Users/kborowski/phd/commons-io/src/test/java/org/apache/commons/io/EndianUtilsTest.java","lastModified":1667650784038,"size":12400,"contentHashCode":140971529},{"path":"/Users/kborowski/phd/commons-io/src/main/java/org/apache/commons/io/input/MemoryMappedFileInputStream.java","lastModified":1667650784015,"size":5950,"contentHashCode":1437490235},{"path":"/Users/kborowski/phd/commons-io/src/main/java/org/apache/commons/io/input/XmlStreamReaderException.java","lastModified":1667650784022,"size":4563,"contentHashCode":-1664914941},{"path":"/Users/kborowski/phd/commons-io/src/test/java/org/apache/commons/io/IOIndexedExceptionTest.java","lastModified":1667650784048,"size":1768,"contentHashCode":-617740492},{"path":"/Users/kborowski/phd/commons-io/src/main/java/org/apache/commons/io/function/IOStream.java","lastModified":1667650784008,"size":23401,"contentHashCode":1550038748},{"path":"/Users/kborowski/phd/commons-io/src/test/java/org/apache/commons/io/CharsetsTest.java","lastModified":1667650784037,"size":3691,"contentHashCode":-2007011811},{"path":"/Users/kborowski/phd/commons-io/src/main/java/org/apache/commons/io/filefilter/DelegateFileFilter.java","lastModified":1667650783998,"size":3252,"contentHashCode":-2135532292},{"path":"/Users/kborowski/phd/commons-io/src/test/java/org/apache/commons/io/IOCaseTest.java","lastModified":1667650784047,"size":14847,"contentHashCode":1153848349},{"path":"/Users/kborowski/phd/commons-io/src/main/java/org/apache/commons/io/function/IOIteratorAdapter.java","lastModified":1667650784006,"size":1683,"contentHashCode":2024381633},{"path":"/Users/kborowski/phd/commons-io/src/main/java/org/apache/commons/io/function/IOBiFunction.java","lastModified":1667650784005,"size":3330,"contentHashCode":-110832566},{"path":"/Users/kborowski/phd/commons-io/src/main/java/org/apache/commons/io/monitor/FileAlterationObserver.java","lastModified":1667650784024,"size":16227,"contentHashCode":1554395217},{"path":"/Users/kborowski/phd/commons-io/src/test/java/org/apache/commons/io/input/CharacterFilterReaderIntPredicateTest.java","lastModified":1667650784074,"size":5078,"contentHashCode":1406182434},{"path":"/Users/kborowski/phd/commons-io/src/main/java/org/apache/commons/io/IOExceptionWithCause.java","lastModified":1667650783981,"size":2284,"contentHashCode":1080954202},{"path":"/Users/kborowski/phd/commons-io/src/test/java/org/apache/commons/io/input/BoundedReaderTest.java","lastModified":1667650784073,"size":7607,"contentHashCode":1495825421},{"path":"/Users/kborowski/phd/commons-io/src/main/java/org/apache/commons/io/input/buffer/package-info.java","lastModified":1667650784022,"size":1075,"contentHashCode":1425969607},{"path":"/Users/kborowski/phd/commons-io/src/main/java/org/apache/commons/io/comparator/SizeFileComparator.java","lastModified":1667650783988,"size":5257,"contentHashCode":482288065},{"path":"/Users/kborowski/phd/commons-io/src/main/java/org/apache/commons/io/input/TaggedReader.java","lastModified":1667650784018,"size":3992,"contentHashCode":86626142},{"path":"/Users/kborowski/phd/commons-io/src/test/java/org/apache/commons/io/function/IOIteratorAdapterTest.java","lastModified":1667650784066,"size":3171,"contentHashCode":-547484702},{"path":"/Users/kborowski/phd/commons-io/src/main/java/org/apache/commons/io/input/ClosedReader.java","lastModified":1667650784014,"size":2007,"contentHashCode":209726651},{"path":"/Users/kborowski/phd/commons-io/src/test/java/org/apache/commons/io/serialization/FullClassNameMatcherTest.java","lastModified":1667650784095,"size":1558,"contentHashCode":-1429421016},{"path":"/Users/kborowski/phd/commons-io/src/main/java/org/apache/commons/io/input/ProxyReader.java","lastModified":1667650784016,"size":8595,"contentHashCode":1315924906},{"path":"/Users/kborowski/phd/commons-io/src/main/java/org/apache/commons/io/FileCleaningTracker.java","lastModified":1667650783976,"size":10729,"contentHashCode":892734886},{"path":"/Users/kborowski/phd/commons-io/src/main/java/org/apache/commons/io/function/package-info.java","lastModified":1667650784010,"size":960,"contentHashCode":-951715142},{"path":"/Users/kborowski/phd/commons-io/src/test/java/org/apache/commons/io/filefilter/IOFileFilterAbstractTest.java","lastModified":1667650784062,"size":5725,"contentHashCode":943313372},{"path":"/Users/kborowski/phd/commons-io/src/main/java/org/apache/commons/io/input/AutoCloseInputStream.java","lastModified":1667650784011,"size":3355,"contentHashCode":-2019770386},{"path":"/Users/kborowski/phd/commons-io/src/test/java/org/apache/commons/io/file/TempDirectory.java","lastModified":1667650784059,"size":2780,"contentHashCode":-1812358732},{"path":"/Users/kborowski/phd/commons-io/src/main/java/org/apache/commons/io/StreamIterator.java","lastModified":1667650783985,"size":2594,"contentHashCode":512029805},{"path":"/Users/kborowski/phd/commons-io/src/test/java/org/apache/commons/io/output/UncheckedFilterOutputStreamTest.java","lastModified":1667650784094,"size":3444,"contentHashCode":-499112188},{"path":"/Users/kborowski/phd/commons-io/src/main/java/org/apache/commons/io/file/package-info.java","lastModified":1667650783995,"size":923,"contentHashCode":872487296},{"path":"/Users/kborowski/phd/commons-io/src/main/java/org/apache/commons/io/filefilter/PathEqualsFileFilter.java","lastModified":1667650784001,"size":1892,"contentHashCode":232704035},{"path":"/Users/kborowski/phd/commons-io/src/test/java/org/apache/commons/io/input/TaggedReaderTest.java","lastModified":1667650784082,"size":4298,"contentHashCode":172603564},{"path":"/Users/kborowski/phd/commons-io/src/test/java/org/apache/commons/io/TestResources.java","lastModified":1667650784051,"size":1846,"contentHashCode":1931795085},{"path":"/Users/kborowski/phd/commons-io/src/main/java/org/apache/commons/io/input/TailerListener.java","lastModified":1667650784018,"size":2036,"contentHashCode":1455715417},{"path":"/Users/kborowski/phd/commons-io/src/test/java/org/apache/commons/io/serialization/MockSerializedClass.java","lastModified":1667650784095,"size":1415,"contentHashCode":2015168929},{"path":"/Users/kborowski/phd/commons-io/src/main/java/org/apache/commons/io/file/attribute/FileTimes.java","lastModified":1667650783994,"size":8315,"contentHashCode":487388358},{"path":"/Users/kborowski/phd/commons-io/src/main/java/org/apache/commons/io/FileSystem.java","lastModified":1667650783977,"size":18786,"contentHashCode":-348133149},{"path":"/Users/kborowski/phd/commons-io/src/main/java/org/apache/commons/io/output/NullWriter.java","lastModified":1667650784028,"size":3893,"contentHashCode":1550882350},{"path":"/Users/kborowski/phd/commons-io/src/main/java/org/apache/commons/io/input/WindowsLineEndingInputStream.java","lastModified":1667650784021,"size":3809,"contentHashCode":-2132880561},{"path":"/Users/kborowski/phd/commons-io/src/main/java/org/apache/commons/io/input/SwappedDataInputStream.java","lastModified":1667650784017,"size":7847,"contentHashCode":1124826107},{"path":"/Users/kborowski/phd/commons-io/src/main/java/org/apache/commons/io/file/spi/package-info.java","lastModified":1667650783996,"size":950,"contentHashCode":951168675},{"path":"/Users/kborowski/phd/commons-io/src/main/java/org/apache/commons/io/HexDump.java","lastModified":1667650783981,"size":5921,"contentHashCode":666980869},{"path":"/Users/kborowski/phd/commons-io/src/main/java/org/apache/commons/io/monitor/FileAlterationMonitor.java","lastModified":1667650784023,"size":6587,"contentHashCode":812840658},{"path":"/Users/kborowski/phd/commons-io/src/test/java/org/apache/commons/io/serialization/ValidatingObjectInputStreamTest.java","lastModified":1667650784096,"size":8030,"contentHashCode":-1078400345},{"path":"/Users/kborowski/phd/commons-io/src/test/java/org/apache/commons/io/function/IOUnaryOperatorTest.java","lastModified":1667650784069,"size":2300,"contentHashCode":-1150699872},{"path":"/Users/kborowski/phd/commons-io/src/test/java/org/apache/commons/io/file/TempDirectoryTest.java","lastModified":1667650784059,"size":2212,"contentHashCode":390574471},{"path":"/Users/kborowski/phd/commons-io/src/test/java/org/apache/commons/io/filefilter/FileFilterTest.java","lastModified":1667650784062,"size":66664,"contentHashCode":-1003477587},{"path":"/Users/kborowski/phd/commons-io/src/test/java/org/apache/commons/io/input/ClosedReaderTest.java","lastModified":1667650784077,"size":1237,"contentHashCode":-555417205},{"path":"/Users/kborowski/phd/commons-io/src/test/java/org/apache/commons/io/function/IOSpliteratorTest.java","lastModified":1667650784067,"size":5432,"contentHashCode":381572287},{"path":"/Users/kborowski/phd/commons-io/src/main/java/org/apache/commons/io/function/IOConsumer.java","lastModified":1667650784006,"size":6028,"contentHashCode":-1449715991},{"path":"/Users/kborowski/phd/commons-io/src/main/java/org/apache/commons/io/filefilter/EmptyFileFilter.java","lastModified":1667650783998,"size":4148,"contentHashCode":-2110995350},{"path":"/Users/kborowski/phd/commons-io/src/test/java/org/apache/commons/io/TaggedIOExceptionTest.java","lastModified":1667650784050,"size":1758,"contentHashCode":1603746562},{"path":"/Users/kborowski/phd/commons-io/src/test/java/org/apache/commons/io/comparator/PathFileComparatorTest.java","lastModified":1667650784054,"size":2608,"contentHashCode":589430318},{"path":"/Users/kborowski/phd/commons-io/src/test/java/org/apache/commons/io/input/CountingInputStreamTest.java","lastModified":1667650784077,"size":6807,"contentHashCode":1710053725},{"path":"/Users/kborowski/phd/commons-io/src/test/java/org/apache/commons/io/monitor/FileAlterationMonitorTest.java","lastModified":1667650784086,"size":8188,"contentHashCode":-565184312},{"path":"/Users/kborowski/phd/commons-io/src/test/java/org/apache/commons/io/function/IOIteratorTest.java","lastModified":1667650784066,"size":3344,"contentHashCode":2069563016},{"path":"/Users/kborowski/phd/commons-io/src/test/java/org/apache/commons/io/input/MarkShieldInputStreamTest.java","lastModified":1667650784077,"size":4218,"contentHashCode":1466133452},{"path":"/Users/kborowski/phd/commons-io/src/test/java/org/apache/commons/io/input/CharSequenceInputStreamTest.java","lastModified":1667650784074,"size":17182,"contentHashCode":1981423146},{"path":"/Users/kborowski/phd/commons-io/src/test/java/org/apache/commons/io/input/StringInputStream.java","lastModified":1667650784081,"size":2391,"contentHashCode":-290562635},{"path":"/Users/kborowski/phd/commons-io/src/test/java/org/apache/commons/io/filefilter/WildcardFileFilterTest.java","lastModified":1667650784063,"size":7323,"contentHashCode":781995947},{"path":"/Users/kborowski/phd/commons-io/src/main/java/org/apache/commons/io/function/IORunnable.java","lastModified":1667650784007,"size":1507,"contentHashCode":927867985},{"path":"/Users/kborowski/phd/commons-io/src/test/java/org/apache/commons/io/monitor/FileEntryTest.java","lastModified":1667650784087,"size":2007,"contentHashCode":75359101},{"path":"/Users/kborowski/phd/commons-io/src/main/java/org/apache/commons/io/output/ThresholdingOutputStream.java","lastModified":1667650784030,"size":8585,"contentHashCode":-43668115},{"path":"/Users/kborowski/phd/commons-io/src/main/java/org/apache/commons/io/input/ReaderInputStream.java","lastModified":1667650784016,"size":13921,"contentHashCode":-823190109},{"path":"/Users/kborowski/phd/commons-io/src/test/java/org/apache/commons/io/DirectoryWalkerTest.java","lastModified":1667650784037,"size":21549,"contentHashCode":-1318954174},{"path":"/Users/kborowski/phd/commons-io/src/test/java/org/apache/commons/io/function/IORunnableTest.java","lastModified":1667650784067,"size":2077,"contentHashCode":799934104},{"path":"/Users/kborowski/phd/commons-io/src/main/java/org/apache/commons/io/filefilter/CanExecuteFileFilter.java","lastModified":1667650783997,"size":3021,"contentHashCode":-1379773762},{"path":"/Users/kborowski/phd/commons-io/src/test/java/org/apache/commons/io/DeleteDirectoryTest.java","lastModified":1667650784037,"size":5492,"contentHashCode":-1351643874},{"path":"/Users/kborowski/phd/commons-io/src/main/java/org/apache/commons/io/input/CharacterSetFilterReader.java","lastModified":1667650784013,"size":2340,"contentHashCode":692637134},{"path":"/Users/kborowski/phd/commons-io/src/test/java/org/apache/commons/io/input/ReversedLinesFileReaderTestParamFile.java","lastModified":1667650784080,"size":6404,"contentHashCode":-31932813},{"path":"/Users/kborowski/phd/commons-io/src/main/java/org/apache/commons/io/input/ProxyInputStream.java","lastModified":1667650784016,"size":7965,"contentHashCode":965827281},{"path":"/Users/kborowski/phd/commons-io/src/test/java/org/apache/commons/io/output/WriterOutputStreamTest.java","lastModified":1667650784095,"size":7706,"contentHashCode":1845571575},{"path":"/Users/kborowski/phd/commons-io/src/main/java/org/apache/commons/io/output/FileWriterWithEncoding.java","lastModified":1667650784027,"size":10192,"contentHashCode":552254189},{"path":"/Users/kborowski/phd/commons-io/src/main/java/org/apache/commons/io/comparator/AbstractFileComparator.java","lastModified":1667650783986,"size":2205,"contentHashCode":1558122853},{"path":"/Users/kborowski/phd/commons-io/src/test/java/org/apache/commons/io/input/UnsynchronizedByteArrayInputStreamTest.java","lastModified":1667650784084,"size":14695,"contentHashCode":-1358118027},{"path":"/Users/kborowski/phd/commons-io/src/test/java/org/apache/commons/io/function/IOComparatorTest.java","lastModified":1667650784065,"size":2474,"contentHashCode":-269617194},{"path":"/Users/kborowski/phd/commons-io/src/test/java/org/apache/commons/io/test/TestUtils.java","lastModified":1667650784097,"size":9961,"contentHashCode":-263644086},{"path":"/Users/kborowski/phd/commons-io/src/test/java/org/apache/commons/io/input/InfiniteCircularInputStreamTest.java","lastModified":1667650784077,"size":3457,"contentHashCode":-932678839},{"path":"/Users/kborowski/phd/commons-io/src/main/java/org/apache/commons/io/function/IOTriFunction.java","lastModified":1667650784008,"size":2779,"contentHashCode":392747630},{"path":"/Users/kborowski/phd/commons-io/src/main/java/org/apache/commons/io/input/QueueInputStream.java","lastModified":1667650784016,"size":3371,"contentHashCode":-945338617},{"path":"/Users/kborowski/phd/commons-io/src/main/java/org/apache/commons/io/comparator/NameFileComparator.java","lastModified":1667650783988,"size":4658,"contentHashCode":1628643095},{"path":"/Users/kborowski/phd/commons-io/src/main/java/org/apache/commons/io/input/TeeInputStream.java","lastModified":1667650784019,"size":5263,"contentHashCode":-33239926},{"path":"/Users/kborowski/phd/commons-io/src/main/java/org/apache/commons/io/monitor/package-info.java","lastModified":1667650784024,"size":977,"contentHashCode":-1529073858},{"path":"/Users/kborowski/phd/commons-io/src/test/java/org/apache/commons/io/function/IOStreamTest.java","lastModified":1667650784068,"size":27170,"contentHashCode":1447644912},{"path":"/Users/kborowski/phd/commons-io/src/test/java/org/apache/commons/io/input/UncheckedFilterInputStreamTest.java","lastModified":1667650784083,"size":5313,"contentHashCode":-713205183},{"path":"/Users/kborowski/phd/commons-io/src/main/java/org/apache/commons/io/function/IOBiConsumer.java","lastModified":1667650784005,"size":3130,"contentHashCode":200762483},{"path":"/Users/kborowski/phd/commons-io/src/main/java/org/apache/commons/io/input/XmlStreamReader.java","lastModified":1667650784021,"size":34605,"contentHashCode":-1128675809},{"path":"/Users/kborowski/phd/commons-io/src/test/java/org/apache/commons/io/output/NullPrintStreamTest.java","lastModified":1667650784091,"size":1701,"contentHashCode":34329809},{"path":"/Users/kborowski/phd/commons-io/src/test/java/org/apache/commons/io/output/ProxyCollectionWriterTest.java","lastModified":1667650784091,"size":19962,"contentHashCode":-1541334004},{"path":"/Users/kborowski/phd/commons-io/src/main/java/org/apache/commons/io/file/attribute/package-info.java","lastModified":1667650783995,"size":904,"contentHashCode":416424973},{"path":"/Users/kborowski/phd/commons-io/src/test/java/org/apache/commons/io/input/CloseShieldReaderTest.java","lastModified":1667650784076,"size":1924,"contentHashCode":1727633274},{"path":"/Users/kborowski/phd/commons-io/src/test/java/org/apache/commons/io/input/AbstractInputStreamTest.java","lastModified":1667650784072,"size":5963,"contentHashCode":-1945850094},{"path":"/Users/kborowski/phd/commons-io/src/main/java/org/apache/commons/io/input/buffer/PeekableInputStream.java","lastModified":1667650784022,"size":3533,"contentHashCode":1231680609},{"path":"/Users/kborowski/phd/commons-io/src/main/java/org/apache/commons/io/charset/CharsetDecoders.java","lastModified":1667650783986,"size":1542,"contentHashCode":-490767563},{"path":"/Users/kborowski/phd/commons-io/src/test/java/org/apache/commons/io/SelectorAdapter.java","lastModified":1667650784050,"size":1858,"contentHashCode":959408526},{"path":"/Users/kborowski/phd/commons-io/src/test/java/org/apache/commons/io/comparator/DefaultFileComparatorTest.java","lastModified":1667650784053,"size":1386,"contentHashCode":776988322},{"path":"/Users/kborowski/phd/commons-io/src/main/java/org/apache/commons/io/IOUtils.java","lastModified":1667650783983,"size":145807,"contentHashCode":-1307064255},{"path":"/Users/kborowski/phd/commons-io/src/test/java/org/apache/commons/io/file/TempFileTest.java","lastModified":1667650784059,"size":2091,"contentHashCode":-833236923},{"path":"/Users/kborowski/phd/commons-io/src/test/java/org/apache/commons/io/output/ChunkedWriterTest.java","lastModified":1667650784088,"size":2737,"contentHashCode":-510772659},{"path":"/Users/kborowski/phd/commons-io/src/test/java/org/apache/commons/io/input/CircularInputStreamTest.java","lastModified":1667650784075,"size":3724,"contentHashCode":1489795667},{"path":"/Users/kborowski/phd/commons-io/src/test/java/org/apache/commons/io/FileUtilsCleanSymlinksTest.java","lastModified":1667650784040,"size":9732,"contentHashCode":2117723254},{"path":"/Users/kborowski/phd/commons-io/src/test/java/org/apache/commons/io/input/CharSequenceReaderTest.java","lastModified":1667650784074,"size":12384,"contentHashCode":-326922640},{"path":"/Users/kborowski/phd/commons-io/src/main/java/org/apache/commons/io/CloseableURLConnection.java","lastModified":1667650783975,"size":7206,"contentHashCode":471912811},{"path":"/Users/kborowski/phd/commons-io/src/main/java/org/apache/commons/io/function/IOPredicate.java","lastModified":1667650784007,"size":5095,"contentHashCode":-1545591241},{"path":"/Users/kborowski/phd/commons-io/src/main/java/org/apache/commons/io/output/ProxyWriter.java","lastModified":1667650784029,"size":8476,"contentHashCode":-554679637},{"path":"/Users/kborowski/phd/commons-io/src/main/java/org/apache/commons/io/input/TimestampedObserver.java","lastModified":1667650784019,"size":2961,"contentHashCode":-352783586},{"path":"/Users/kborowski/phd/commons-io/src/main/java/org/apache/commons/io/filefilter/WildcardFileFilter.java","lastModified":1667650784003,"size":7545,"contentHashCode":802155583},{"path":"/Users/kborowski/phd/commons-io/src/main/java/org/apache/commons/io/serialization/package-info.java","lastModified":1667650784032,"size":942,"contentHashCode":-709165142},{"path":"/Users/kborowski/phd/commons-io/src/main/java/org/apache/commons/io/serialization/WildcardClassNameMatcher.java","lastModified":1667650784032,"size":1670,"contentHashCode":342223608},{"path":"/Users/kborowski/phd/commons-io/src/test/java/org/apache/commons/io/StandardLineSeparatorTest.java","lastModified":1667650784050,"size":2097,"contentHashCode":631267267},{"path":"/Users/kborowski/phd/commons-io/src/test/java/org/apache/commons/io/output/ClosedWriterTest.java","lastModified":1667650784088,"size":1584,"contentHashCode":-1843651633},{"path":"/Users/kborowski/phd/commons-io/src/test/java/org/apache/commons/io/output/ProxyWriterTest.java","lastModified":1667650784092,"size":9962,"contentHashCode":381776107},{"path":"/Users/kborowski/phd/commons-io/src/main/java/org/apache/commons/io/file/PathUtils.java","lastModified":1667650783992,"size":78475,"contentHashCode":1809312729},{"path":"/Users/kborowski/phd/commons-io/src/test/java/org/apache/commons/io/ThreadMonitorTest.java","lastModified":1667650784051,"size":2788,"contentHashCode":1481258904},{"path":"/Users/kborowski/phd/commons-io/src/main/java/org/apache/commons/io/filefilter/PrefixFileFilter.java","lastModified":1667650784002,"size":7335,"contentHashCode":-326584551},{"path":"/Users/kborowski/phd/commons-io/src/main/java/org/apache/commons/io/input/Tailer.java","lastModified":1667650784018,"size":35626,"contentHashCode":1132874758},{"path":"/Users/kborowski/phd/commons-io/src/test/java/org/apache/commons/io/output/DeferredFileOutputStreamTest.java","lastModified":1667650784089,"size":14309,"contentHashCode":-597585362},{"path":"/Users/kborowski/phd/commons-io/src/main/java/org/apache/commons/io/serialization/RegexpClassNameMatcher.java","lastModified":1667650784032,"size":1918,"contentHashCode":-1783176256},{"path":"/Users/kborowski/phd/commons-io/src/main/java/org/apache/commons/io/function/IOStreams.java","lastModified":1667650784008,"size":3297,"contentHashCode":3063337},{"path":"/Users/kborowski/phd/commons-io/src/main/java/org/apache/commons/io/input/UnsynchronizedByteArrayInputStream.java","lastModified":1667650784021,"size":5252,"contentHashCode":-948272116},{"path":"/Users/kborowski/phd/commons-io/src/main/java/org/apache/commons/io/filefilter/FileFilterUtils.java","lastModified":1667650784000,"size":26430,"contentHashCode":1561848020},{"path":"/Users/kborowski/phd/commons-io/src/main/java/org/apache/commons/io/function/Uncheck.java","lastModified":1667650784009,"size":8170,"contentHashCode":1989531006},{"path":"/Users/kborowski/phd/commons-io/src/main/java/org/apache/commons/io/filefilter/AgeFileFilter.java","lastModified":1667650783996,"size":8124,"contentHashCode":-1017442332},{"path":"/Users/kborowski/phd/commons-io/src/test/java/org/apache/commons/io/FileSystemUtilsTest.java","lastModified":1667650784039,"size":24642,"contentHashCode":-2112512800},{"path":"/Users/kborowski/phd/commons-io/src/main/java/org/apache/commons/io/file/CopyDirectoryVisitor.java","lastModified":1667650783989,"size":6372,"contentHashCode":-2126061830},{"path":"/Users/kborowski/phd/commons-io/src/test/java/org/apache/commons/io/input/ReversedLinesFileReaderTestParamBlockSize.java","lastModified":1667650784080,"size":13744,"contentHashCode":-1055485514},{"path":"/Users/kborowski/phd/commons-io/src/test/java/org/apache/commons/io/output/ByteArrayOutputStreamTest.java","lastModified":1667650784087,"size":16204,"contentHashCode":1243522467},{"path":"/Users/kborowski/phd/commons-io/src/main/java/org/apache/commons/io/filefilter/IOFileFilter.java","lastModified":1667650784000,"size":3239,"contentHashCode":1234503166},{"path":"/Users/kborowski/phd/commons-io/src/main/java/org/apache/commons/io/input/CloseShieldInputStream.java","lastModified":1667650784014,"size":2358,"contentHashCode":1687485560},{"path":"/Users/kborowski/phd/commons-io/src/main/java/org/apache/commons/io/filefilter/ConditionalFileFilter.java","lastModified":1667650783997,"size":1955,"contentHashCode":-1455077457},{"path":"/Users/kborowski/phd/commons-io/src/test/java/org/apache/commons/io/input/XmlStreamReaderUtilitiesTest.java","lastModified":1667650784084,"size":19626,"contentHashCode":-689833529},{"path":"/Users/kborowski/phd/commons-io/src/main/java/org/apache/commons/io/output/AbstractByteArrayOutputStream.java","lastModified":1667650784024,"size":14342,"contentHashCode":614041891},{"path":"/Users/kborowski/phd/commons-io/src/test/java/org/apache/commons/io/input/SequenceReaderTest.java","lastModified":1667650784080,"size":9454,"contentHashCode":370159166},{"path":"/Users/kborowski/phd/commons-io/src/test/java/org/apache/commons/io/function/IOBiFunctionTest.java","lastModified":1667650784064,"size":3432,"contentHashCode":-1124214146},{"path":"/Users/kborowski/phd/commons-io/src/main/java/org/apache/commons/io/filefilter/SizeFileFilter.java","lastModified":1667650784002,"size":5258,"contentHashCode":-1192468585},{"path":"/Users/kborowski/phd/commons-io/src/test/java/org/apache/commons/io/input/StringInputStreamTest.java","lastModified":1667650784081,"size":1663,"contentHashCode":-2116116929},{"path":"/Users/kborowski/phd/commons-io/src/main/java/org/apache/commons/io/filefilter/AbstractFileFilter.java","lastModified":1667650783996,"size":5474,"contentHashCode":2121219759},{"path":"/Users/kborowski/phd/commons-io/src/test/java/org/apache/commons/io/comparator/ExtensionFileComparatorTest.java","lastModified":1667650784053,"size":2628,"contentHashCode":-1241430712},{"path":"/Users/kborowski/phd/commons-io/src/main/java/org/apache/commons/io/output/AppendableOutputStream.java","lastModified":1667650784025,"size":2062,"contentHashCode":-226918114},{"path":"/Users/kborowski/phd/commons-io/src/main/java/org/apache/commons/io/function/UncheckedIOSpliterator.java","lastModified":1667650784009,"size":2533,"contentHashCode":-814828061},{"path":"/Users/kborowski/phd/commons-io/src/main/java/org/apache/commons/io/input/UncheckedFilterReader.java","lastModified":1667650784020,"size":4179,"contentHashCode":-1891394696},{"path":"/Users/kborowski/phd/commons-io/src/main/java/org/apache/commons/io/filefilter/PathVisitorFileFilter.java","lastModified":1667650784002,"size":2822,"contentHashCode":-1699328207},{"path":"/Users/kborowski/phd/commons-io/src/test/java/org/apache/commons/io/FileSystemTest.java","lastModified":1667650784039,"size":6002,"contentHashCode":-116227465},{"path":"/Users/kborowski/phd/commons-io/src/main/java/org/apache/commons/io/input/BoundedInputStream.java","lastModified":1667650784011,"size":7111,"contentHashCode":946594537},{"path":"/Users/kborowski/phd/commons-io/src/main/java/org/apache/commons/io/output/ChunkedOutputStream.java","lastModified":1667650784026,"size":2853,"contentHashCode":-1467911629},{"path":"/Users/kborowski/phd/commons-io/src/main/java/org/apache/commons/io/input/UnsupportedOperationExceptions.java","lastModified":1667650784020,"size":2305,"contentHashCode":-890560288},{"path":"/Users/kborowski/phd/commons-io/src/main/java/org/apache/commons/io/TaggedIOException.java","lastModified":1667650783985,"size":4595,"contentHashCode":205099449},{"path":"/Users/kborowski/phd/commons-io/src/main/java/org/apache/commons/io/FileSystemUtils.java","lastModified":1667650783977,"size":22727,"contentHashCode":-691768919},{"path":"/Users/kborowski/phd/commons-io/src/test/java/org/apache/commons/io/file/PathUtilsCountingTest.java","lastModified":1667650784057,"size":2959,"contentHashCode":-69612219},{"path":"/Users/kborowski/phd/commons-io/src/main/java/org/apache/commons/io/output/ProxyOutputStream.java","lastModified":1667650784028,"size":5613,"contentHashCode":699611860},{"path":"/Users/kborowski/phd/commons-io/src/test/java/org/apache/commons/io/input/XmlStreamReaderTest.java","lastModified":1667650784084,"size":25567,"contentHashCode":-939006069},{"path":"/Users/kborowski/phd/commons-io/src/test/java/org/apache/commons/io/input/compatibility/XmlStreamReader.java","lastModified":1667650784085,"size":31002,"contentHashCode":2118204517},{"path":"/Users/kborowski/phd/commons-io/src/test/java/org/apache/commons/io/FileUtilsTest.java","lastModified":1667650784044,"size":139053,"contentHashCode":2127080190},{"path":"/Users/kborowski/phd/commons-io/src/test/java/org/apache/commons/io/ByteOrderParserTest.java","lastModified":1667650784037,"size":1583,"contentHashCode":705608881},{"path":"/Users/kborowski/phd/commons-io/src/test/java/org/apache/commons/io/file/PathWrapper.java","lastModified":1667650784058,"size":5307,"contentHashCode":1132539131},{"path":"/Users/kborowski/phd/commons-io/src/main/java/org/apache/commons/io/monitor/FileAlterationListenerAdaptor.java","lastModified":1667650784023,"size":2717,"contentHashCode":705655963},{"path":"/Users/kborowski/phd/commons-io/src/test/java/org/apache/commons/io/DemuxInputStreamTest.java","lastModified":1667650784037,"size":7151,"contentHashCode":1618015220},{"path":"/Users/kborowski/phd/commons-io/src/main/java/org/apache/commons/io/comparator/DefaultFileComparator.java","lastModified":1667650783987,"size":2572,"contentHashCode":-763952870},{"path":"/Users/kborowski/phd/commons-io/src/main/java/org/apache/commons/io/file/AccumulatorPathVisitor.java","lastModified":1667650783989,"size":8095,"contentHashCode":-751331021},{"path":"/Users/kborowski/phd/commons-io/src/main/java/org/apache/commons/io/file/DirectoryStreamFilter.java","lastModified":1667650783990,"size":2172,"contentHashCode":799992423},{"path":"/Users/kborowski/phd/commons-io/src/test/java/org/apache/commons/io/output/QueueOutputStreamTest.java","lastModified":1667650784092,"size":4866,"contentHashCode":-504254588},{"path":"/Users/kborowski/phd/commons-io/src/main/java/org/apache/commons/io/monitor/SerializableFileTime.java","lastModified":1667650784024,"size":2777,"contentHashCode":1821673696},{"path":"/Users/kborowski/phd/commons-io/src/test/java/org/apache/commons/io/output/TeeWriterTest.java","lastModified":1667650784093,"size":17885,"contentHashCode":-307568063},{"path":"/Users/kborowski/phd/commons-io/src/main/java/org/apache/commons/io/comparator/PathFileComparator.java","lastModified":1667650783988,"size":4660,"contentHashCode":41374159},{"path":"/Users/kborowski/phd/commons-io/src/test/java/org/apache/commons/io/comparator/SizeFileComparatorTest.java","lastModified":1667650784054,"size":4131,"contentHashCode":1297117659},{"path":"/Users/kborowski/phd/commons-io/src/main/java/org/apache/commons/io/filefilter/TrueFileFilter.java","lastModified":1667650784003,"size":3071,"contentHashCode":326411744},{"path":"/Users/kborowski/phd/commons-io/src/main/java/org/apache/commons/io/filefilter/FileEqualsFileFilter.java","lastModified":1667650783999,"size":1979,"contentHashCode":494674805},{"path":"/Users/kborowski/phd/commons-io/src/test/java/org/apache/commons/io/serialization/RegexpClassNameMatcherTest.java","lastModified":1667650784096,"size":2269,"contentHashCode":-466043081},{"path":"/Users/kborowski/phd/commons-io/src/test/java/org/apache/commons/io/output/LockableFileWriterTest.java","lastModified":1667650784090,"size":6379,"contentHashCode":-1017884963},{"path":"/Users/kborowski/phd/commons-io/src/main/java/org/apache/commons/io/input/buffer/CircularBufferInputStream.java","lastModified":1667650784022,"size":5049,"contentHashCode":1169732353},{"path":"/Users/kborowski/phd/commons-io/src/main/java/org/apache/commons/io/function/IOFunction.java","lastModified":1667650784006,"size":8686,"contentHashCode":2128112107},{"path":"/Users/kborowski/phd/commons-io/src/test/java/org/apache/commons/io/output/TaggedWriterTest.java","lastModified":1667650784093,"size":4058,"contentHashCode":-1012517766},{"path":"/Users/kborowski/phd/commons-io/src/main/java/org/apache/commons/io/output/TeeWriter.java","lastModified":1667650784029,"size":1657,"contentHashCode":-1516945362},{"path":"/Users/kborowski/phd/commons-io/src/main/java/org/apache/commons/io/input/BoundedReader.java","lastModified":1667650784011,"size":4692,"contentHashCode":-1182874240},{"path":"/Users/kborowski/phd/commons-io/src/main/java/org/apache/commons/io/output/ClosedWriter.java","lastModified":1667650784027,"size":2363,"contentHashCode":-551095908},{"path":"/Users/kborowski/phd/commons-io/src/test/java/org/apache/commons/io/input/buffer/CircularBufferInputStreamTest.java","lastModified":1667650784085,"size":4190,"contentHashCode":298815986},{"path":"/Users/kborowski/phd/commons-io/src/test/java/org/apache/commons/io/filefilter/AbstractFilterTest.java","lastModified":1667650784060,"size":8511,"contentHashCode":-201897156},{"path":"/Users/kborowski/phd/commons-io/src/test/java/org/apache/commons/io/FilenameUtilsWildcardTest.java","lastModified":1667650784047,"size":12013,"contentHashCode":-374328539},{"path":"/Users/kborowski/phd/commons-io/src/main/java/org/apache/commons/io/monitor/FileEntry.java","lastModified":1667650784024,"size":8688,"contentHashCode":893985462},{"path":"/Users/kborowski/phd/commons-io/src/test/java/org/apache/commons/io/IOUtilsCopyTest.java","lastModified":1667650784048,"size":21001,"contentHashCode":-1613582965},{"path":"/Users/kborowski/phd/commons-io/src/main/java/org/apache/commons/io/input/BrokenInputStream.java","lastModified":1667650784012,"size":3432,"contentHashCode":-1896964987},{"path":"/Users/kborowski/phd/commons-io/src/test/java/org/apache/commons/io/input/ClosedInputStreamTest.java","lastModified":1667650784076,"size":1226,"contentHashCode":-1127377123},{"path":"/Users/kborowski/phd/commons-io/src/main/java/org/apache/commons/io/filefilter/NameFileFilter.java","lastModified":1667650784001,"size":7002,"contentHashCode":-238727600},{"path":"/Users/kborowski/phd/commons-io/src/main/java/org/apache/commons/io/function/IOBinaryOperator.java","lastModified":1667650784005,"size":2999,"contentHashCode":-632512213},{"path":"/Users/kborowski/phd/commons-io/src/test/java/org/apache/commons/io/input/UncheckedFilterReaderTest.java","lastModified":1667650784083,"size":6815,"contentHashCode":1178310897},{"path":"/Users/kborowski/phd/commons-io/src/main/java/org/apache/commons/io/input/CloseShieldReader.java","lastModified":1667650784014,"size":2211,"contentHashCode":1211351592},{"path":"/Users/kborowski/phd/commons-io/src/test/java/org/apache/commons/io/filefilter/AgeFileFilterTest.java","lastModified":1667650784061,"size":4308,"contentHashCode":1876466181},{"path":"/Users/kborowski/phd/commons-io/src/main/java/org/apache/commons/io/serialization/ClassNameMatcher.java","lastModified":1667650784031,"size":1234,"contentHashCode":-1118911347},{"path":"/Users/kborowski/phd/commons-io/src/main/java/org/apache/commons/io/ThreadMonitor.java","lastModified":1667650783985,"size":4501,"contentHashCode":-257808298},{"path":"/Users/kborowski/phd/commons-io/src/test/java/org/apache/commons/io/IOUtilsTest.java","lastModified":1667650784049,"size":69043,"contentHashCode":-973232147},{"path":"/Users/kborowski/phd/commons-io/src/test/java/org/apache/commons/io/FileUtilsWaitForTest.java","lastModified":1667650784046,"size":2262,"contentHashCode":-349000488},{"path":"/Users/kborowski/phd/commons-io/src/main/java/org/apache/commons/io/output/CloseShieldOutputStream.java","lastModified":1667650784026,"size":2385,"contentHashCode":-749814558},{"path":"/Users/kborowski/phd/commons-io/src/test/java/org/apache/commons/io/output/CloseShieldOutputStreamTest.java","lastModified":1667650784088,"size":2009,"contentHashCode":-882941197},{"path":"/Users/kborowski/phd/commons-io/src/test/java/org/apache/commons/io/file/DirectoryStreamFilterTest.java","lastModified":1667650784057,"size":2558,"contentHashCode":205690863},{"path":"/Users/kborowski/phd/commons-io/src/main/java/org/apache/commons/io/function/IOBaseStream.java","lastModified":1667650784004,"size":4809,"contentHashCode":1356216769},{"path":"/Users/kborowski/phd/commons-io/src/test/java/org/apache/commons/io/function/IOFunctionTest.java","lastModified":1667650784065,"size":7058,"contentHashCode":-928513969},{"path":"/Users/kborowski/phd/commons-io/src/main/java/org/apache/commons/io/input/BrokenReader.java","lastModified":1667650784012,"size":3803,"contentHashCode":849452994},{"path":"/Users/kborowski/phd/commons-io/src/main/java/org/apache/commons/io/filefilter/OrFileFilter.java","lastModified":1667650784001,"size":5783,"contentHashCode":-1744900107},{"path":"/Users/kborowski/phd/commons-io/src/main/java/org/apache/commons/io/function/IOSupplier.java","lastModified":1667650784008,"size":1591,"contentHashCode":948389055},{"path":"/Users/kborowski/phd/commons-io/src/test/java/org/apache/commons/io/input/TeeReaderTest.java","lastModified":1667650784082,"size":6047,"contentHashCode":362257365},{"path":"/Users/kborowski/phd/commons-io/src/test/java/org/apache/commons/io/FileCleaningTrackerTest.java","lastModified":1667650784039,"size":11652,"contentHashCode":44162563},{"path":"/Users/kborowski/phd/commons-io/src/main/java/org/apache/commons/io/input/CountingInputStream.java","lastModified":1667650784014,"size":4655,"contentHashCode":-186887582},{"path":"/Users/kborowski/phd/commons-io/src/test/java/org/apache/commons/io/file/CountingPathVisitorTest.java","lastModified":1667650784056,"size":3360,"contentHashCode":935216077},{"path":"/Users/kborowski/phd/commons-io/src/main/java/org/apache/commons/io/comparator/ReverseFileComparator.java","lastModified":1667650783988,"size":2369,"contentHashCode":-1293772703},{"path":"/Users/kborowski/phd/commons-io/src/test/java/org/apache/commons/io/comparator/CompositeFileComparatorTest.java","lastModified":1667650784052,"size":4839,"contentHashCode":-1586190054},{"path":"/Users/kborowski/phd/commons-io/src/test/java/org/apache/commons/io/FileUtilsDeleteDirectoryWindowsTest.java","lastModified":1667650784042,"size":2172,"contentHashCode":1898374817},{"path":"/Users/kborowski/phd/commons-io/src/test/java/org/apache/commons/io/input/CharacterSetFilterReaderTest.java","lastModified":1667650784075,"size":6250,"contentHashCode":-121925957},{"path":"/Users/kborowski/phd/commons-io/src/main/java/org/apache/commons/io/output/StringBuilderWriter.java","lastModified":1667650784029,"size":4719,"contentHashCode":-684847919},{"path":"/Users/kborowski/phd/commons-io/src/main/java/org/apache/commons/io/output/LockableFileWriter.java","lastModified":1667650784028,"size":12548,"contentHashCode":109201209},{"path":"/Users/kborowski/phd/commons-io/src/main/java/org/apache/commons/io/function/Constants.java","lastModified":1667650784004,"size":1764,"contentHashCode":2049032364},{"path":"/Users/kborowski/phd/commons-io/src/main/java/org/apache/commons/io/input/InfiniteCircularInputStream.java","lastModified":1667650784014,"size":1587,"contentHashCode":1317632697},{"path":"/Users/kborowski/phd/commons-io/src/main/java/org/apache/commons/io/input/ByteBufferCleaner.java","lastModified":1667650784012,"size":4368,"contentHashCode":-956121801},{"path":"/Users/kborowski/phd/commons-io/src/main/java/org/apache/commons/io/output/UncheckedAppendableImpl.java","lastModified":1667650784030,"size":2026,"contentHashCode":1854733614},{"path":"/Users/kborowski/phd/commons-io/src/main/java/org/apache/commons/io/function/UncheckedIOBaseStream.java","lastModified":1667650784009,"size":2566,"contentHashCode":-540288412},{"path":"/Users/kborowski/phd/commons-io/src/main/java/org/apache/commons/io/comparator/CompositeFileComparator.java","lastModified":1667650783987,"size":3810,"contentHashCode":-1461936416},{"path":"/Users/kborowski/phd/commons-io/src/test/java/org/apache/commons/io/FileUtilsCleanDirectoryTest.java","lastModified":1667650784040,"size":4326,"contentHashCode":1686233095},{"path":"/Users/kborowski/phd/commons-io/src/test/java/org/apache/commons/io/FileUtilsFileNewerTest.java","lastModified":1667650784043,"size":7108,"contentHashCode":626987106},{"path":"/Users/kborowski/phd/commons-io/src/test/java/org/apache/commons/io/input/ObservableInputStreamTest.java","lastModified":1667650784078,"size":11445,"contentHashCode":1636649517},{"path":"/Users/kborowski/phd/commons-io/src/test/java/org/apache/commons/io/output/NullWriterTest.java","lastModified":1667650784091,"size":1375,"contentHashCode":767932299},{"path":"/Users/kborowski/phd/commons-io/src/main/java/org/apache/commons/io/monitor/FileAlterationListener.java","lastModified":1667650784023,"size":2310,"contentHashCode":-315459921},{"path":"/Users/kborowski/phd/commons-io/src/test/java/org/apache/commons/io/UncheckedIOTest.java","lastModified":1667650784051,"size":3388,"contentHashCode":1739090656},{"path":"/Users/kborowski/phd/commons-io/src/test/java/org/apache/commons/io/file/DeletablePath.java","lastModified":1667650784056,"size":2153,"contentHashCode":843377699},{"path":"/Users/kborowski/phd/commons-io/src/test/java/org/apache/commons/io/HexDumpTest.java","lastModified":1667650784047,"size":8955,"contentHashCode":-1190576897},{"path":"/Users/kborowski/phd/commons-io/src/test/java/org/apache/commons/io/file/FilesUncheckTest.java","lastModified":1667650784057,"size":17201,"contentHashCode":1366483819},{"path":"/Users/kborowski/phd/commons-io/src/main/java/org/apache/commons/io/function/IOSpliteratorAdapter.java","lastModified":1667650784007,"size":1491,"contentHashCode":409165891},{"path":"/Users/kborowski/phd/commons-io/src/main/java/org/apache/commons/io/function/Erase.java","lastModified":1667650784004,"size":6059,"contentHashCode":-1448888780},{"path":"/Users/kborowski/phd/commons-io/src/test/java/org/apache/commons/io/test/ThrowOnCloseWriter.java","lastModified":1667650784098,"size":1554,"contentHashCode":353833321},{"path":"/Users/kborowski/phd/commons-io/src/test/java/org/apache/commons/io/output/AppendableWriterTest.java","lastModified":1667650784087,"size":2583,"contentHashCode":-450097881},{"path":"/Users/kborowski/phd/commons-io/src/main/java/org/apache/commons/io/input/CircularInputStream.java","lastModified":1667650784013,"size":2970,"contentHashCode":982946226},{"path":"/Users/kborowski/phd/commons-io/src/test/java/org/apache/commons/io/output/ThresholdingOutputStreamTest.java","lastModified":1667650784094,"size":3893,"contentHashCode":1412797404},{"path":"/Users/kborowski/phd/commons-io/src/main/java/org/apache/commons/io/input/TailerListenerAdapter.java","lastModified":1667650784018,"size":2373,"contentHashCode":207926130},{"path":"/Users/kborowski/phd/commons-io/src/test/java/org/apache/commons/io/monitor/SerializableFileTimeTest.java","lastModified":1667650784087,"size":1962,"contentHashCode":1045082493},{"path":"/Users/kborowski/phd/commons-io/src/test/java/org/apache/commons/io/input/WindowsLineEndingInputStreamTest.java","lastModified":1667650784084,"size":2578,"contentHashCode":553316622},{"path":"/Users/kborowski/phd/commons-io/src/main/java/org/apache/commons/io/output/NullOutputStream.java","lastModified":1667650784028,"size":2457,"contentHashCode":-1782254641},{"path":"/Users/kborowski/phd/commons-io/src/test/java/org/apache/commons/io/function/IOIntStreamAdapter.java","lastModified":1667650784066,"size":1486,"contentHashCode":-613978600},{"path":"/Users/kborowski/phd/commons-io/src/test/java/org/apache/commons/io/function/IOTriConsumerTest.java","lastModified":1667650784069,"size":1986,"contentHashCode":-2129513815},{"path":"/Users/kborowski/phd/commons-io/src/test/java/org/apache/commons/io/filefilter/SymbolicLinkFileFilterTest.java","lastModified":1667650784063,"size":1303,"contentHashCode":987439429},{"path":"/Users/kborowski/phd/commons-io/src/test/java/org/apache/commons/io/input/TaggedInputStreamTest.java","lastModified":1667650784081,"size":4443,"contentHashCode":-1605018465},{"path":"/Users/kborowski/phd/commons-io/src/main/java/org/apache/commons/io/input/ReadAheadInputStream.java","lastModified":1667650784016,"size":17210,"contentHashCode":1651311240},{"path":"/Users/kborowski/phd/commons-io/src/main/java/org/apache/commons/io/filefilter/FileFileFilter.java","lastModified":1667650783999,"size":3301,"contentHashCode":-784602672},{"path":"/Users/kborowski/phd/commons-io/src/test/java/org/apache/commons/io/filefilter/NameFileFilterTest.java","lastModified":1667650784062,"size":4576,"contentHashCode":-2124502868},{"path":"/Users/kborowski/phd/commons-io/src/main/java/org/apache/commons/io/output/ClosedOutputStream.java","lastModified":1667650784026,"size":2177,"contentHashCode":-1131662716},{"path":"/Users/kborowski/phd/commons-io/src/main/java/org/apache/commons/io/ByteOrderMark.java","lastModified":1667650783974,"size":6030,"contentHashCode":1706047099},{"path":"/Users/kborowski/phd/commons-io/src/main/java/org/apache/commons/io/charset/CharsetEncoders.java","lastModified":1667650783986,"size":1543,"contentHashCode":-2021421945},{"path":"/Users/kborowski/phd/commons-io/src/test/java/org/apache/commons/io/output/ChunkedOutputStreamTest.java","lastModified":1667650784088,"size":2536,"contentHashCode":714434181},{"path":"/Users/kborowski/phd/commons-io/src/test/java/org/apache/commons/io/IOExceptionWithCauseTest.java","lastModified":1667650784048,"size":2162,"contentHashCode":-1461438849},{"path":"/Users/kborowski/phd/commons-io/src/test/java/org/apache/commons/io/input/QueueInputStreamTest.java","lastModified":1667650784079,"size":5966,"contentHashCode":1427151490},{"path":"/Users/kborowski/phd/commons-io/src/main/java/org/apache/commons/io/input/MessageDigestCalculatingInputStream.java","lastModified":1667650784015,"size":6017,"contentHashCode":1425217320},{"path":"/Users/kborowski/phd/commons-io/src/test/java/org/apache/commons/io/input/ProxyReaderTest.java","lastModified":1667650784079,"size":2166,"contentHashCode":-1235624930},{"path":"/Users/kborowski/phd/commons-io/src/main/java/org/apache/commons/io/function/IOUnaryOperator.java","lastModified":1667650784009,"size":1851,"contentHashCode":788950232},{"path":"/Users/kborowski/phd/commons-io/src/test/java/org/apache/commons/io/output/UncheckedAppendableTest.java","lastModified":1667650784094,"size":3173,"contentHashCode":1889425094},{"path":"/Users/kborowski/phd/commons-io/src/main/java/org/apache/commons/io/input/TaggedInputStream.java","lastModified":1667650784017,"size":4088,"contentHashCode":-997730979},{"path":"/Users/kborowski/phd/commons-io/src/main/java/org/apache/commons/io/StandardLineSeparator.java","lastModified":1667650783985,"size":2227,"contentHashCode":154228969},{"path":"/Users/kborowski/phd/commons-io/src/test/java/org/apache/commons/io/IOUtilsWriteTest.java","lastModified":1667650784049,"size":28458,"contentHashCode":-2078340748},{"path":"/Users/kborowski/phd/commons-io/src/test/java/org/apache/commons/io/function/TestUtils.java","lastModified":1667650784071,"size":3339,"contentHashCode":-277747617},{"path":"/Users/kborowski/phd/commons-io/src/main/java/org/apache/commons/io/input/BOMInputStream.java","lastModified":1667650784011,"size":12695,"contentHashCode":-2017083356},{"path":"/Users/kborowski/phd/commons-io/src/main/java/org/apache/commons/io/output/BrokenOutputStream.java","lastModified":1667650784025,"size":2979,"contentHashCode":-2087914825},{"path":"/Users/kborowski/phd/commons-io/src/test/java/org/apache/commons/io/output/ClosedOutputStreamTest.java","lastModified":1667650784088,"size":1597,"contentHashCode":-1250461179},{"path":"/Users/kborowski/phd/commons-io/src/main/java/org/apache/commons/io/function/IOIterator.java","lastModified":1667650784006,"size":3177,"contentHashCode":-431913802},{"path":"/Users/kborowski/phd/commons-io/src/test/java/org/apache/commons/io/input/RandomAccessFileInputStreamTest.java","lastModified":1667650784079,"size":8075,"contentHashCode":105167906},{"path":"/Users/kborowski/phd/commons-io/src/test/java/org/apache/commons/io/filefilter/OrFileFilterTest.java","lastModified":1667650784063,"size":9797,"contentHashCode":-72977413},{"path":"/Users/kborowski/phd/commons-io/src/test/java/org/apache/commons/io/input/TeeInputStreamTest.java","lastModified":1667650784082,"size":5743,"contentHashCode":-1768731482},{"path":"/Users/kborowski/phd/commons-io/src/test/java/org/apache/commons/io/FileDeleteStrategyTest.java","lastModified":1667650784039,"size":5545,"contentHashCode":834591342},{"path":"/Users/kborowski/phd/commons-io/src/main/java/org/apache/commons/io/input/ObservableInputStream.java","lastModified":1667650784015,"size":10603,"contentHashCode":-1511203952},{"path":"/Users/kborowski/phd/commons-io/src/main/java/org/apache/commons/io/filefilter/WildcardFilter.java","lastModified":1667650784004,"size":5879,"contentHashCode":-1309750869},{"path":"/Users/kborowski/phd/commons-io/src/test/java/org/apache/commons/io/file/PathUtilsCleanDirectoryTest.java","lastModified":1667650784057,"size":2434,"contentHashCode":845405158},{"path":"/Users/kborowski/phd/commons-io/src/test/java/org/apache/commons/io/FileUtilsDirectoryContainsTest.java","lastModified":1667650784042,"size":6481,"contentHashCode":128715280},{"path":"/Users/kborowski/phd/commons-io/src/main/java/org/apache/commons/io/input/ClassLoaderObjectInputStream.java","lastModified":1667650784013,"size":3862,"contentHashCode":-1377953727},{"path":"/Users/kborowski/phd/commons-io/src/test/java/org/apache/commons/io/UncheckedIOExceptionsTest.java","lastModified":1667650784051,"size":2025,"contentHashCode":1531823047},{"path":"/Users/kborowski/phd/commons-io/src/test/java/org/apache/commons/io/file/PathUtilsContentEqualsTest.java","lastModified":1667650784057,"size":10624,"contentHashCode":-1156780497},{"path":"/Users/kborowski/phd/commons-io/src/test/java/org/apache/commons/io/FileUtilsDeleteDirectoryBaseTest.java","lastModified":1667650784042,"size":9391,"contentHashCode":-1646489490},{"path":"/Users/kborowski/phd/commons-io/src/main/java/org/apache/commons/io/output/XmlStreamWriter.java","lastModified":1667650784031,"size":7947,"contentHashCode":1592720762},{"path":"/Users/kborowski/phd/commons-io/src/test/java/org/apache/commons/io/serialization/MoreComplexObject.java","lastModified":1667650784096,"size":1963,"contentHashCode":72698479},{"path":"/Users/kborowski/phd/commons-io/src/main/java/org/apache/commons/io/comparator/DirectoryFileComparator.java","lastModified":1667650783987,"size":2937,"contentHashCode":1034336651},{"path":"/Users/kborowski/phd/commons-io/src/test/java/org/apache/commons/io/input/SwappedDataInputStreamTest.java","lastModified":1667650784081,"size":4431,"contentHashCode":637439525},{"path":"/Users/kborowski/phd/commons-io/src/test/java/org/apache/commons/io/input/NullReaderTest.java","lastModified":1667650784078,"size":8089,"contentHashCode":-383981294},{"path":"/Users/kborowski/phd/commons-io/src/test/java/org/apache/commons/io/DirectoryWalkerTestCaseJava4.java","lastModified":1667650784038,"size":19415,"contentHashCode":-29113054},{"path":"/Users/kborowski/phd/commons-io/src/main/java/org/apache/commons/io/filefilter/MagicNumberFileFilter.java","lastModified":1667650784000,"size":11719,"contentHashCode":-1084178603},{"path":"/Users/kborowski/phd/commons-io/src/test/java/org/apache/commons/io/file/CopyDirectoryVisitorTest.java","lastModified":1667650784055,"size":7217,"contentHashCode":-5405229},{"path":"/Users/kborowski/phd/commons-io/src/test/java/org/apache/commons/io/input/BoundedInputStreamTest.java","lastModified":1667650784073,"size":3722,"contentHashCode":865296721},{"path":"/Users/kborowski/phd/commons-io/src/main/java/org/apache/commons/io/output/ByteArrayOutputStream.java","lastModified":1667650784026,"size":5321,"contentHashCode":-1085868143},{"path":"/Users/kborowski/phd/commons-io/src/test/java/org/apache/commons/io/input/MessageDigestCalculatingInputStreamTest.java","lastModified":1667650784078,"size":2074,"contentHashCode":-393126166},{"path":"/Users/kborowski/phd/commons-io/src/test/java/org/apache/commons/io/input/BufferedFileChannelInputStreamTest.java","lastModified":1667650784074,"size":1673,"contentHashCode":-2105342724},{"path":"/Users/kborowski/phd/commons-io/src/main/java/org/apache/commons/io/file/DeletingPathVisitor.java","lastModified":1667650783990,"size":6501,"contentHashCode":1190976847},{"path":"/Users/kborowski/phd/commons-io/src/test/java/org/apache/commons/io/output/NullAppendableTest.java","lastModified":1667650784090,"size":1338,"contentHashCode":-2013939396},{"path":"/Users/kborowski/phd/commons-io/src/main/java/org/apache/commons/io/function/IOStreamAdapter.java","lastModified":1667650784008,"size":1553,"contentHashCode":-1148719476},{"path":"/Users/kborowski/phd/commons-io/src/test/java/org/apache/commons/io/output/XmlStreamWriterTest.java","lastModified":1667650784095,"size":6116,"contentHashCode":-1119189112},{"path":"/Users/kborowski/phd/commons-io/src/main/java/org/apache/commons/io/function/IOSpliterator.java","lastModified":1667650784007,"size":4743,"contentHashCode":-762872360},{"path":"/Users/kborowski/phd/commons-io/src/main/java/org/apache/commons/io/input/ClosedInputStream.java","lastModified":1667650784014,"size":1831,"contentHashCode":-1109794828},{"path":"/Users/kborowski/phd/commons-io/src/test/java/org/apache/commons/io/output/ProxyOutputStreamTest.java","lastModified":1667650784092,"size":1926,"contentHashCode":1041102607},{"path":"/Users/kborowski/phd/commons-io/src/main/java/org/apache/commons/io/UncheckedIOExceptions.java","lastModified":1667650783985,"size":2189,"contentHashCode":770512536},{"path":"/Users/kborowski/phd/commons-io/src/main/java/org/apache/commons/io/file/CleaningPathVisitor.java","lastModified":1667650783989,"size":4977,"contentHashCode":-736668740},{"path":"/Users/kborowski/phd/commons-io/src/test/java/org/apache/commons/io/file/PathUtilsDeleteDirectoryTest.java","lastModified":1667650784057,"size":3619,"contentHashCode":1046083230},{"path":"/Users/kborowski/phd/commons-io/src/test/java/org/apache/commons/io/input/ByteBufferCleanerTest.java","lastModified":1667650784074,"size":1893,"contentHashCode":-332574767},{"path":"/Users/kborowski/phd/commons-io/src/main/java/org/apache/commons/io/output/WriterOutputStream.java","lastModified":1667650784031,"size":14787,"contentHashCode":982166703},{"path":"/Users/kborowski/phd/commons-io/src/main/java/org/apache/commons/io/file/PathFilter.java","lastModified":1667650783992,"size":1379,"contentHashCode":-1128244442},{"path":"/Users/kborowski/phd/commons-io/src/test/java/org/apache/commons/io/function/IOSupplierTest.java","lastModified":1667650784068,"size":2487,"contentHashCode":-1133660170},{"path":"/Users/kborowski/phd/commons-io/src/test/java/org/apache/commons/io/CopyUtilsTest.java","lastModified":1667650784037,"size":10782,"contentHashCode":1744897611},{"path":"/Users/kborowski/phd/commons-io/src/test/java/org/apache/commons/io/input/compatibility/XmlStreamReaderException.java","lastModified":1667650784085,"size":3339,"contentHashCode":440822054},{"path":"/Users/kborowski/phd/commons-io/src/main/java/org/apache/commons/io/file/Counters.java","lastModified":1667650783989,"size":11009,"contentHashCode":-1831327865},{"path":"/Users/kborowski/phd/commons-io/src/main/java/org/apache/commons/io/filefilter/CanWriteFileFilter.java","lastModified":1667650783997,"size":3029,"contentHashCode":1063633534},{"path":"/Users/kborowski/phd/commons-io/src/test/java/org/apache/commons/io/function/EraseTest.java","lastModified":1667650784064,"size":3609,"contentHashCode":130608323},{"path":"/Users/kborowski/phd/commons-io/src/main/java/org/apache/commons/io/serialization/FullClassNameMatcher.java","lastModified":1667650784031,"size":1604,"contentHashCode":-591874901},{"path":"/Users/kborowski/phd/commons-io/src/test/java/org/apache/commons/io/test/ThrowOnCloseInputStream.java","lastModified":1667650784097,"size":1607,"contentHashCode":1311115894},{"path":"/Users/kborowski/phd/commons-io/src/main/java/org/apache/commons/io/LineIterator.java","lastModified":1667650783984,"size":5983,"contentHashCode":392982669},{"path":"/Users/kborowski/phd/commons-io/src/main/java/org/apache/commons/io/IOIndexedException.java","lastModified":1667650783982,"size":2124,"contentHashCode":-2129895770},{"path":"/Users/kborowski/phd/commons-io/src/main/java/org/apache/commons/io/filefilter/SuffixFileFilter.java","lastModified":1667650784003,"size":7312,"contentHashCode":16805984},{"path":"/Users/kborowski/phd/commons-io/src/main/java/org/apache/commons/io/filefilter/FalseFileFilter.java","lastModified":1667650783999,"size":3101,"contentHashCode":1168087173},{"path":"/Users/kborowski/phd/commons-io/src/main/java/org/apache/commons/io/filefilter/AndFileFilter.java","lastModified":1667650783996,"size":5970,"contentHashCode":850689100},{"path":"/Users/kborowski/phd/commons-io/src/test/java/org/apache/commons/io/file/CountersTest.java","lastModified":1667650784056,"size":2836,"contentHashCode":-2066556782},{"path":"/Users/kborowski/phd/commons-io/src/main/java/org/apache/commons/io/output/NullPrintStream.java","lastModified":1667650784028,"size":1679,"contentHashCode":-1993792932},{"path":"/Users/kborowski/phd/commons-io/src/main/java/org/apache/commons/io/DirectoryWalker.java","lastModified":1667650783975,"size":26690,"contentHashCode":-223228096},{"path":"/Users/kborowski/phd/commons-io/src/main/java/org/apache/commons/io/output/TaggedOutputStream.java","lastModified":1667650784029,"size":4101,"contentHashCode":493216702},{"path":"/Users/kborowski/phd/commons-io/src/test/java/org/apache/commons/io/file/PathUtilsVisitorTest.java","lastModified":1667650784058,"size":4445,"contentHashCode":-16016590},{"path":"/Users/kborowski/phd/commons-io/src/test/java/org/apache/commons/io/file/TestArguments.java","lastModified":1667650784059,"size":2248,"contentHashCode":-1618713000},{"path":"/Users/kborowski/phd/commons-io/src/main/java/org/apache/commons/io/output/BrokenWriter.java","lastModified":1667650784025,"size":2963,"contentHashCode":-1957345495},{"path":"/Users/kborowski/phd/commons-io/src/main/java/org/apache/commons/io/input/CharacterFilterReader.java","lastModified":1667650784013,"size":1901,"contentHashCode":-1040916320},{"path":"/Users/kborowski/phd/commons-io/src/test/java/org/apache/commons/io/input/NullInputStreamTest.java","lastModified":1667650784078,"size":8361,"contentHashCode":-1731447498},{"path":"/Users/kborowski/phd/commons-io/src/main/java/org/apache/commons/io/file/DeleteOption.java","lastModified":1667650783990,"size":1096,"contentHashCode":-1400453277},{"path":"/Users/kborowski/phd/commons-io/src/test/java/org/apache/commons/io/function/IOQuadFunctionTest.java","lastModified":1667650784066,"size":3667,"contentHashCode":2103713772},{"path":"/Users/kborowski/phd/commons-io/src/main/java/org/apache/commons/io/FilenameUtils.java","lastModified":1667650783980,"size":65818,"contentHashCode":1742764304},{"path":"/Users/kborowski/phd/commons-io/src/test/java/org/apache/commons/io/file/CountersEqualsAndHashCodeTest.java","lastModified":1667650784055,"size":4871,"contentHashCode":2081870112},{"path":"/Users/kborowski/phd/commons-io/src/main/java/org/apache/commons/io/output/ChunkedWriter.java","lastModified":1667650784026,"size":2763,"contentHashCode":-628943652},{"path":"/Users/kborowski/phd/commons-io/src/test/java/org/apache/commons/io/input/ClassLoaderObjectInputStreamTest.java","lastModified":1667650784076,"size":6442,"contentHashCode":-345309002},{"path":"/Users/kborowski/phd/commons-io/src/test/java/org/apache/commons/io/function/IOIntStream.java","lastModified":1667650784065,"size":1140,"contentHashCode":981971833},{"path":"/Users/kborowski/phd/commons-io/src/main/java/org/apache/commons/io/output/NullAppendable.java","lastModified":1667650784028,"size":1705,"contentHashCode":-1275340546},{"path":"/Users/kborowski/phd/commons-io/src/test/java/org/apache/commons/io/file/AbstractTempDirTest.java","lastModified":1667650784054,"size":1723,"contentHashCode":1909075647},{"path":"/Users/kborowski/phd/commons-io/src/main/java/org/apache/commons/io/input/DemuxInputStream.java","lastModified":1667650784014,"size":2365,"contentHashCode":-886182493},{"path":"/Users/kborowski/phd/commons-io/src/main/java/org/apache/commons/io/comparator/ExtensionFileComparator.java","lastModified":1667650783987,"size":5140,"contentHashCode":-992950012},{"path":"/Users/kborowski/phd/commons-io/src/test/java/org/apache/commons/io/FileUtilsDeleteDirectoryLinuxTest.java","lastModified":1667650784042,"size":4139,"contentHashCode":-1714606128},{"path":"/Users/kborowski/phd/commons-io/src/test/java/org/apache/commons/io/monitor/AbstractMonitorTest.java","lastModified":1667650784086,"size":6243,"contentHashCode":-2128205436},{"path":"/Users/kborowski/phd/commons-io/src/main/java/org/apache/commons/io/output/DemuxOutputStream.java","lastModified":1667650784027,"size":2772,"contentHashCode":-875718628},{"path":"/Users/kborowski/phd/commons-io/src/main/java/org/apache/commons/io/input/RandomAccessFileInputStream.java","lastModified":1667650784016,"size":4831,"contentHashCode":2023977181},{"path":"/Users/kborowski/phd/commons-io/src/main/java/org/apache/commons/io/input/MarkShieldInputStream.java","lastModified":1667650784014,"size":2094,"contentHashCode":291917204},{"path":"/Users/kborowski/phd/commons-io/src/test/java/org/apache/commons/io/input/AutoCloseInputStreamTest.java","lastModified":1667650784072,"size":4394,"contentHashCode":1047968465},{"path":"/Users/kborowski/phd/commons-io/src/main/java/org/apache/commons/io/input/CharSequenceReader.java","lastModified":1667650784013,"size":10158,"contentHashCode":1022873921},{"path":"/Users/kborowski/phd/commons-io/src/main/java/org/apache/commons/io/function/IOQuadFunction.java","lastModified":1667650784007,"size":2918,"contentHashCode":1762134256},{"path":"/Users/kborowski/phd/commons-io/src/main/java/org/apache/commons/io/output/TeeOutputStream.java","lastModified":1667650784029,"size":3410,"contentHashCode":812164113},{"path":"/Users/kborowski/phd/commons-io/src/test/java/org/apache/commons/io/function/IOBiConsumerTest.java","lastModified":1667650784064,"size":2572,"contentHashCode":190098039},{"path":"/Users/kborowski/phd/commons-io/src/test/java/org/apache/commons/io/input/BrokenInputStreamTest.java","lastModified":1667650784073,"size":2876,"contentHashCode":-456237244},{"path":"/Users/kborowski/phd/commons-io/src/test/java/org/apache/commons/io/monitor/CollectionFileListener.java","lastModified":1667650784086,"size":5178,"contentHashCode":734043127},{"path":"/Users/kborowski/phd/commons-io/src/test/java/org/apache/commons/io/file/TempFile.java","lastModified":1667650784059,"size":3036,"contentHashCode":286622646},{"path":"/Users/kborowski/phd/commons-io/src/test/java/org/apache/commons/io/file/CounterAssertions.java","lastModified":1667650784055,"size":2351,"contentHashCode":-1946691967},{"path":"/Users/kborowski/phd/commons-io/src/test/java/org/apache/commons/io/file/PathUtilsDeleteTest.java","lastModified":1667650784058,"size":6490,"contentHashCode":-380629457},{"path":"/Users/kborowski/phd/commons-io/src/main/java/org/apache/commons/io/output/TaggedWriter.java","lastModified":1667650784029,"size":4025,"contentHashCode":-1898298716},{"path":"/Users/kborowski/phd/commons-io/src/test/java/org/apache/commons/io/function/IOBaseStreamTest.java","lastModified":1667650784064,"size":13139,"contentHashCode":1711350833},{"path":"/Users/kborowski/phd/commons-io/src/test/java/org/apache/commons/io/filefilter/RegexFileFilterTest.java","lastModified":1667650784063,"size":7897,"contentHashCode":822904988},{"path":"/Users/kborowski/phd/commons-io/src/main/java/org/apache/commons/io/output/AppendableWriter.java","lastModified":1667650784025,"size":5099,"contentHashCode":1582568433},{"path":"/Users/kborowski/phd/commons-io/src/test/java/org/apache/commons/io/serialization/AbstractCloseableListTest.java","lastModified":1667650784095,"size":1728,"contentHashCode":1456737637},{"path":"/Users/kborowski/phd/commons-io/src/main/java/org/apache/commons/io/filefilter/NotFileFilter.java","lastModified":1667650784001,"size":3196,"contentHashCode":419022702},{"path":"/Users/kborowski/phd/commons-io/src/test/java/org/apache/commons/io/input/ReversedLinesFileReaderTestSimple.java","lastModified":1667650784080,"size":4579,"contentHashCode":-632677517},{"path":"/Users/kborowski/phd/commons-io/src/main/java/org/apache/commons/io/comparator/LastModifiedFileComparator.java","lastModified":1667650783988,"size":3061,"contentHashCode":-970812631},{"path":"/Users/kborowski/phd/commons-io/src/test/java/org/apache/commons/io/function/UncheckTest.java","lastModified":1667650784071,"size":7338,"contentHashCode":-828354836},{"path":"/Users/kborowski/phd/commons-io/src/test/java/org/apache/commons/io/output/FileWriterWithEncodingTest.java","lastModified":1667650784089,"size":9162,"contentHashCode":1037932460},{"path":"/Users/kborowski/phd/commons-io/src/main/java/org/apache/commons/io/file/StandardDeleteOption.java","lastModified":1667650783994,"size":1768,"contentHashCode":677761867},{"path":"/Users/kborowski/phd/commons-io/src/test/java/org/apache/commons/io/function/TestConstants.java","lastModified":1667650784071,"size":2933,"contentHashCode":-458609319},{"path":"/Users/kborowski/phd/commons-io/src/test/java/org/apache/commons/io/file/attribute/FileTimesTest.java","lastModified":1667650784059,"size":8432,"contentHashCode":233166634},{"path":"/Users/kborowski/phd/commons-io/src/main/java/org/apache/commons/io/output/CountingOutputStream.java","lastModified":1667650784027,"size":3989,"contentHashCode":-990152477},{"path":"/Users/kborowski/phd/commons-io/src/main/java/org/apache/commons/io/FileDeleteStrategy.java","lastModified":1667650783976,"size":5440,"contentHashCode":1137752063},{"path":"/Users/kborowski/phd/commons-io/src/main/java/org/apache/commons/io/RandomAccessFileMode.java","lastModified":1667650783984,"size":3348,"contentHashCode":-634893647},{"path":"/Users/kborowski/phd/commons-io/src/main/java/org/apache/commons/io/filefilter/DirectoryFileFilter.java","lastModified":1667650783998,"size":3481,"contentHashCode":1804288737},{"path":"/Users/kborowski/phd/commons-io/src/test/java/org/apache/commons/io/charset/CharsetDecodersTest.java","lastModified":1667650784052,"size":2069,"contentHashCode":1052113149},{"path":"/Users/kborowski/phd/commons-io/src/main/java/org/apache/commons/io/input/package-info.java","lastModified":1667650784023,"size":972,"contentHashCode":-739531807},{"path":"/Users/kborowski/phd/commons-io/src/main/java/org/apache/commons/io/filefilter/RegexFileFilter.java","lastModified":1667650784002,"size":6375,"contentHashCode":1090112738},{"path":"/Users/kborowski/phd/commons-io/src/main/java/org/apache/commons/io/charset/package-info.java","lastModified":1667650783986,"size":937,"contentHashCode":-2123109972},{"path":"/Users/kborowski/phd/commons-io/src/main/java/org/apache/commons/io/input/UncheckedBufferedReader.java","lastModified":1667650784019,"size":4772,"contentHashCode":2006001631},{"path":"/Users/kborowski/phd/commons-io/src/main/java/org/apache/commons/io/function/IOBaseStreamAdapter.java","lastModified":1667650784005,"size":1625,"contentHashCode":-94684198},{"path":"/Users/kborowski/phd/commons-io/src/main/java/org/apache/commons/io/input/UncheckedFilterInputStream.java","lastModified":1667650784020,"size":3795,"contentHashCode":2128960509},{"path":"/Users/kborowski/phd/commons-io/src/main/java/org/apache/commons/io/file/NoopPathVisitor.java","lastModified":1667650783991,"size":1611,"contentHashCode":-1023699742},{"path":"/Users/kborowski/phd/commons-io/src/main/java/org/apache/commons/io/file/CountingPathVisitor.java","lastModified":1667650783990,"size":6599,"contentHashCode":-948794895},{"path":"/Users/kborowski/phd/commons-io/src/test/java/org/apache/commons/io/filefilter/ConditionalFileFilterAbstractTest.java","lastModified":1667650784061,"size":8330,"contentHashCode":-1223184583},{"path":"/Users/kborowski/phd/commons-io/src/test/java/org/apache/commons/io/comparator/NameFileComparatorTest.java","lastModified":1667650784053,"size":2604,"contentHashCode":1035858973},{"path":"/Users/kborowski/phd/commons-io/src/main/java/org/apache/commons/io/output/UncheckedAppendable.java","lastModified":1667650784030,"size":2089,"contentHashCode":-774307469},{"path":"/Users/kborowski/phd/commons-io/src/main/java/org/apache/commons/io/input/BufferedFileChannelInputStream.java","lastModified":1667650784012,"size":7240,"contentHashCode":1639588325},{"path":"/Users/kborowski/phd/commons-io/src/main/java/org/apache/commons/io/output/CloseShieldWriter.java","lastModified":1667650784026,"size":2212,"contentHashCode":-1814815769},{"path":"/Users/kborowski/phd/commons-io/src/test/java/org/apache/commons/io/function/IOConsumerTest.java","lastModified":1667650784065,"size":6832,"contentHashCode":-225513805},{"path":"/Users/kborowski/phd/commons-io/src/main/java/org/apache/commons/io/file/PathVisitor.java","lastModified":1667650783993,"size":1052,"contentHashCode":-352421126},{"path":"/Users/kborowski/phd/commons-io/src/main/java/org/apache/commons/io/FileCleaner.java","lastModified":1667650783976,"size":6880,"contentHashCode":212129868},{"path":"/Users/kborowski/phd/commons-io/src/main/java/org/apache/commons/io/input/NullInputStream.java","lastModified":1667650784015,"size":11043,"contentHashCode":-551868848},{"path":"/Users/kborowski/phd/commons-io/src/test/java/org/apache/commons/io/charset/CharsetEncodersTest.java","lastModified":1667650784052,"size":2069,"contentHashCode":-1452289771},{"path":"/Users/kborowski/phd/commons-io/src/test/java/org/apache/commons/io/filefilter/AndFileFilterTest.java","lastModified":1667650784061,"size":10689,"contentHashCode":-962885389},{"path":"/Users/kborowski/phd/commons-io/src/test/java/org/apache/commons/io/input/compatibility/XmlStreamReaderUtilitiesCompatibilityTest.java","lastModified":1667650784085,"size":2475,"contentHashCode":-1522322206},{"path":"/Users/kborowski/phd/commons-io/src/main/java/org/apache/commons/io/serialization/ValidatingObjectInputStream.java","lastModified":1667650784032,"size":7010,"contentHashCode":134298796},{"path":"/Users/kborowski/phd/commons-io/src/test/java/org/apache/commons/io/function/IOBinaryOperatorStreamTest.java","lastModified":1667650784064,"size":5411,"contentHashCode":23186011},{"path":"/Users/kborowski/phd/commons-io/src/main/java/org/apache/commons/io/FileExistsException.java","lastModified":1667650783977,"size":1629,"contentHashCode":458395005},{"path":"/Users/kborowski/phd/commons-io/src/test/java/org/apache/commons/io/output/TaggedOutputStreamTest.java","lastModified":1667650784093,"size":4413,"contentHashCode":-1038047035}]